Val_Predictions,Val_Targets
-0.000859,-0.003246
0.000007,-0.012868
-0.000084,-0.006572
-0.000389,-0.023166
-0.000119,-0.018942
-0.000595,-0.002111
-0.000073,-0.011943
-0.001479,-0.017142
-0.000016,-0.006601
-0.000859,-0.001515
0.000007,-0.004575
-0.000084,0.000311
-0.000389,-0.012236
-0.000119,-0.017456
-0.000595,-0.016638
-0.000073,-0.015976
-0.001479,-0.022972
-0.000016,-0.027734
-0.000859,-0.008538
0.000007,-0.005949
-0.000084,0.001774
-0.000389,0.007847
-0.000119,0.012621
-0.000595,0.004149
-0.000073,-0.011246
-0.001479,-0.012557
-0.000016,-0.006898
-0.000859,-0.006578
0.000007,-0.030594
-0.000084,-0.053465
-0.000389,-0.023916
-0.000119,-0.027922
-0.000595,-0.046580
-0.000073,-0.019466
-0.001479,-0.018806
-0.000016,0.014843
-0.000859,0.006910
0.000007,0.000541
-0.000084,0.028776
-0.000389,0.002841
-0.000119,0.026970
-0.000595,-0.021716
-0.000073,0.007987
-0.001479,0.015243
-0.000016,0.001223
-0.000859,0.009810
0.000007,0.018551
-0.000084,0.014919
-0.000389,0.011860
-0.000119,-0.014840
-0.000595,0.036285
-0.000073,0.024556
-0.001479,-0.002716
-0.000016,0.010490
-0.000859,-0.002247
0.000007,0.003844
-0.000084,0.015840
-0.000389,-0.003685
-0.000119,-0.013731
-0.000595,-0.004938
-0.000073,-0.008108
-0.001479,0.011298
-0.000016,-0.009054
-0.000859,-0.028749
0.000007,-0.003428
-0.000084,0.018848
-0.000389,0.012990
-0.000119,0.010405
-0.000595,-0.031502
-0.000073,0.021716
-0.001479,0.002521
-0.000016,-0.002711
-0.000859,0.003477
0.000007,0.020904
-0.000084,0.038815
-0.000389,0.019669
-0.000119,0.086740
-0.000595,0.038748
-0.000073,0.001000
-0.001479,0.016962
-0.000016,0.009027
-0.000859,0.017950
0.000007,-0.024296
-0.000084,-0.004135
-0.000389,-0.012556
-0.000119,-0.009202
-0.000595,-0.006338
-0.000073,-0.005683
-0.001479,-0.000514
-0.000016,-0.015863
-0.000859,0.004795
0.000007,-0.004270
-0.000084,-0.004855
-0.000389,-0.000821
-0.000119,0.005324
-0.000595,0.006893
-0.000073,0.014703
-0.001479,0.004492
-0.000016,-0.007514
-0.000859,0.009289
0.000007,-0.001748
-0.000084,0.007056
-0.000389,-0.000719
-0.000119,-0.006095
-0.000595,0.001831
-0.000073,0.002739
-0.001479,0.002808
-0.000016,0.009227
-0.000859,-0.006344
0.000007,-0.010035
-0.000084,-0.003484
-0.000389,-0.002614
-0.000119,0.003052
-0.000595,0.006887
-0.000073,-0.003358
-0.001479,-0.001708
-0.000016,0.005117
-0.000859,-0.009139
0.000007,0.007407
-0.000084,-0.003148
-0.000389,-0.001508
-0.000119,0.004877
-0.000595,-0.002361
-0.000073,0.002794
-0.001479,0.008650
-0.000016,0.006805
-0.000859,0.005476
0.000007,0.002570
-0.000084,0.005685
-0.000389,0.006369
-0.000119,0.004480
-0.000595,0.007492
-0.000073,-0.005791
-0.001479,-0.008217
-0.000016,-0.000788
-0.000859,0.004353
0.000007,0.009964
-0.000084,0.008781
-0.000389,0.004554
-0.000119,0.022580
-0.000595,0.008192
-0.000073,-0.000093
-0.001479,-0.003103
-0.000016,-0.000830
-0.000859,-0.005592
0.000007,-0.007192
-0.000084,-0.011413
-0.000389,-0.012433
-0.000119,-0.002478
-0.000595,-0.020023
-0.000073,-0.000279
-0.001479,-0.009492
-0.000016,-0.003646
-0.000859,-0.001465
0.000007,-0.015665
-0.000084,-0.018249
-0.000389,-0.013941
-0.000119,-0.016007
-0.000595,-0.026252
-0.000073,-0.015570
-0.001479,0.013182
-0.000016,-0.006427
-0.000859,0.011120
0.000007,0.014098
-0.000084,0.008191
-0.000389,0.011377
-0.000119,0.015523
-0.000595,0.022291
-0.000073,0.008410
-0.001479,-0.011794
-0.000016,0.008685
-0.000859,-0.017570
0.000007,-0.009645
-0.000084,-0.011633
-0.000389,-0.022876
-0.000119,-0.023739
-0.000595,-0.022544
-0.000073,-0.014088
-0.001479,0.005854
-0.000016,-0.002022
-0.000859,0.008015
0.000007,0.007143
-0.000084,0.003400
-0.000389,0.022157
-0.000119,0.029247
-0.000595,0.024565
-0.000073,0.001061
-0.001479,0.000851
-0.000016,0.014152
-0.000859,0.013767
0.000007,0.013936
-0.000084,0.006392
-0.000389,0.012010
-0.000119,0.023801
-0.000595,0.018774
-0.000073,0.003273
-0.001479,0.000243
-0.000016,0.001037
-0.000859,0.002825
0.000007,0.009864
-0.000084,0.011696
-0.000389,0.013754
-0.000119,0.013231
-0.000595,0.021878
-0.000073,-0.000724
-0.001479,-0.002184
-0.000016,-0.026378
-0.000859,0.001999
0.000007,0.006716
-0.000084,-0.001001
-0.000389,-0.002295
-0.000119,0.008847
-0.000595,0.002986
-0.000073,-0.015366
-0.001479,-0.002818
-0.000016,-0.002445
-0.000859,0.000676
0.000007,0.005587
-0.000084,0.012825
-0.000389,0.004362
-0.000119,0.007426
-0.000595,0.005705
-0.000073,0.002040
-0.001479,-0.006667
-0.000016,0.004492
-0.000859,0.007834
0.000007,0.001643
-0.000084,0.006341
-0.000389,0.002478
-0.000119,-0.011350
-0.000595,-0.007613
-0.000073,-0.007756
-0.001479,-0.005092
-0.000016,0.010684
-0.000859,0.006436
0.000007,-0.007274
-0.000084,0.005235
-0.000389,-0.003095
-0.000119,-0.001166
-0.000595,0.005206
-0.000073,-0.016027
-0.001479,-0.010888
-0.000016,0.002110
-0.000859,0.002044
0.000007,0.004659
-0.000084,-0.001051
-0.000389,-0.000483
-0.000119,-0.004271
-0.000595,0.015180
-0.000073,-0.002090
-0.001479,-0.011066
-0.000016,0.002605
-0.000859,-0.006546
0.000007,-0.029248
-0.000084,-0.022156
-0.000389,-0.010131
-0.000119,-0.023528
-0.000595,-0.018787
-0.000073,-0.004875
-0.001479,0.013239
-0.000016,-0.003245
-0.000859,0.024969
0.000007,0.016862
-0.000084,0.024524
-0.000389,0.012626
-0.000119,0.010663
-0.000595,-0.007050
-0.000073,0.006312
-0.001479,0.013976
-0.000016,0.005031
-0.000859,0.001651
0.000007,0.009496
-0.000084,0.017158
-0.000389,0.006257
-0.000119,-0.001745
-0.000595,-0.010680
-0.000073,0.004033
-0.001479,0.002634
-0.000016,-0.002200
-0.000859,0.014278
0.000007,0.003582
-0.000084,0.010054
-0.000389,0.006327
-0.000119,0.015107
-0.000595,0.008504
-0.000073,-0.009635
-0.001479,0.016651
-0.000016,0.002584
-0.000859,-0.016362
0.000007,-0.005869
-0.000084,-0.010408
-0.000389,-0.007881
-0.000119,-0.009615
-0.000595,-0.034347
-0.000073,-0.005655
-0.001479,-0.002808
-0.000016,0.003274
-0.000859,-0.006978
0.000007,-0.001877
-0.000084,-0.000330
-0.000389,-0.012357
-0.000119,-0.024450
-0.000595,-0.037167
-0.000073,0.008041
-0.001479,-0.016026
-0.000016,0.007328
-0.000859,-0.019470
0.000007,-0.019701
-0.000084,-0.024504
-0.000389,-0.016218
-0.000119,-0.019876
-0.000595,-0.001555
-0.000073,-0.009747
-0.001479,-0.010333
-0.000016,-0.000362
-0.000859,-0.010042
0.000007,0.000655
-0.000084,-0.003476
-0.000389,-0.001325
-0.000119,0.004300
-0.000595,0.050261
-0.000073,0.005857
-0.001479,-0.023191
-0.000016,-0.011669
-0.000859,-0.028654
0.000007,-0.018593
-0.000084,-0.019913
-0.000389,0.006288
-0.000119,0.014387
-0.000595,-0.010694
-0.000073,-0.020838
-0.001479,-0.007851
-0.000016,-0.015950
-0.000859,-0.001131
0.000007,0.013671
-0.000084,0.014123
-0.000389,0.012518
-0.000119,0.017886
-0.000595,-0.029751
-0.000073,-0.007497
-0.001479,0.007636
-0.000016,-0.003640
-0.000859,-0.005736
0.000007,0.009252
-0.000084,0.001346
-0.000389,0.008010
-0.000119,0.001620
-0.000595,-0.024464
-0.000073,-0.009815
-0.001479,0.001827
-0.000016,0.002585
-0.000859,-0.009350
0.000007,-0.030062
-0.000084,-0.045626
-0.000389,-0.025091
-0.000119,-0.027231
-0.000595,-0.019792
-0.000073,-0.012845
-0.001479,-0.020586
-0.000016,-0.026574
-0.000859,-0.006511
0.000007,0.006147
-0.000084,-0.006315
-0.000389,0.004808
-0.000119,0.002531
-0.000595,-0.014607
-0.000073,0.011192
-0.001479,0.004361
-0.000016,0.010709
-0.000859,0.009619
0.000007,0.011686
-0.000084,0.016074
-0.000389,-0.001645
-0.000119,-0.015968
-0.000595,-0.001123
-0.000073,0.008126
-0.001479,0.000293
-0.000016,0.011628
-0.000859,-0.002228
0.000007,0.001275
-0.000084,0.033777
-0.000389,-0.001996
-0.000119,0.000725
-0.000595,0.051587
-0.000073,0.000695
-0.001479,0.005187
-0.000016,0.001918
-0.000859,-0.015151
0.000007,-0.007322
-0.000084,-0.014335
-0.000389,-0.012250
-0.000119,0.010996
-0.000595,0.010760
-0.000073,0.010256
-0.001479,-0.001256
-0.000016,0.001573
-0.000859,0.006141
0.000007,0.014872
-0.000084,0.001758
-0.000389,0.007415
-0.000119,0.011665
-0.000595,0.033763
-0.000073,0.016096
-0.001479,0.011852
-0.000016,0.021818
-0.000859,0.028009
0.000007,0.028392
-0.000084,0.004344
-0.000389,0.020177
-0.000119,0.021138
-0.000595,0.030284
-0.000073,0.003556
-0.001479,-0.014595
-0.000016,-0.001900
-0.000859,0.000344
0.000007,-0.011161
-0.000084,-0.011246
-0.000389,-0.025481
-0.000119,-0.003922
-0.000595,0.020136
-0.000073,-0.000482
-0.001479,-0.004375
-0.000016,0.011907
-0.000859,0.002988
0.000007,-0.000462
-0.000084,0.012134
-0.000389,0.006126
-0.000119,-0.001293
-0.000595,-0.004459
-0.000073,-0.003512
-0.001479,0.006669
-0.000016,-0.002659
-0.000859,-0.005655
0.000007,0.020873
-0.000084,-0.001641
-0.000389,-0.014725
-0.000119,-0.015623
-0.000595,-0.017689
-0.000073,-0.002084
-0.001479,-0.009082
-0.000016,-0.011607
-0.000859,-0.009885
0.000007,-0.001249
-0.000084,-0.000768
-0.000389,0.003254
-0.000119,-0.008388
-0.000595,-0.007427
-0.000073,-0.007637
-0.001479,-0.005552
-0.000016,-0.031934
-0.000859,0.010456
0.000007,0.004453
-0.000084,0.019266
-0.000389,0.019314
-0.000119,0.005128
-0.000595,0.014097
-0.000073,0.000671
-0.001479,0.012199
-0.000016,0.016095
-0.000859,0.004412
0.000007,0.007715
-0.000084,0.010529
-0.000389,0.001511
-0.000119,0.008399
-0.000595,0.036847
-0.000073,0.003358
-0.001479,0.008836
-0.000016,0.025577
-0.000859,0.008701
0.000007,-0.001106
-0.000084,0.019904
-0.000389,0.019738
-0.000119,0.023670
-0.000595,-0.007483
-0.000073,-0.021580
-0.001479,0.005549
-0.000016,-0.026123
-0.000859,0.006768
0.000007,0.009115
-0.000084,0.018605
-0.000389,0.018596
-0.000119,0.011986
-0.000595,0.015035
-0.000073,0.033131
-0.001479,0.011444
-0.000016,-0.006981
-0.000859,0.003281
0.000007,0.003156
-0.000084,0.013668
-0.000389,0.009851
-0.000119,0.017570
-0.000595,0.011581
-0.000073,0.001233
-0.001479,0.021582
-0.000016,0.023884
-0.000859,-0.001543
0.000007,-0.003434
-0.000084,-0.011512
-0.000389,-0.008330
-0.000119,-0.006551
-0.000595,0.002619
-0.000073,-0.001672
-0.001479,-0.019620
-0.000016,-0.000998
-0.000859,-0.009117
0.000007,0.032581
-0.000084,0.000263
-0.000389,0.005769
-0.000119,0.056848
-0.000595,-0.022536
-0.000073,0.000528
-0.001479,0.005610
-0.000016,0.001908
-0.000859,-0.018282
0.000007,-0.016439
-0.000084,-0.022973
-0.000389,-0.013385
-0.000119,-0.030739
-0.000595,-0.026589
-0.000073,-0.010328
-0.001479,-0.016814
-0.000016,-0.007006
-0.000859,-0.002927
0.000007,0.003914
-0.000084,0.003895
-0.000389,-0.000661
-0.000119,-0.005267
-0.000595,0.001569
-0.000073,-0.007252
-0.001479,-0.005561
-0.000016,0.018109
-0.000859,-0.000881
0.000007,-0.002914
-0.000084,0.002015
-0.000389,0.008583
-0.000119,-0.004065
-0.000595,-0.015605
-0.000073,0.005921
-0.001479,-0.004064
-0.000016,0.007233
-0.000859,0.011296
0.000007,0.001100
-0.000084,-0.007119
-0.000389,0.000436
-0.000119,-0.005067
-0.000595,0.002766
-0.000073,0.005948
-0.001479,-0.008515
-0.000016,-0.022950
-0.000859,-0.015040
0.000007,0.001465
-0.000084,-0.006788
-0.000389,-0.013771
-0.000119,-0.012126
-0.000595,-0.010277
-0.000073,-0.009903
-0.001479,0.002002
-0.000016,-0.015273
-0.000859,0.022597
0.000007,0.013161
-0.000084,0.010688
-0.000389,0.006747
-0.000119,0.019767
-0.000595,0.016954
-0.000073,0.006409
-0.001479,0.001066
-0.000016,-0.005196
-0.000859,0.007787
0.000007,0.006193
-0.000084,0.004452
-0.000389,0.007730
-0.000119,0.000198
-0.000595,0.025017
-0.000073,0.018125
-0.001479,0.003988
-0.000016,-0.001215
-0.000859,-0.007939
0.000007,-0.003773
-0.000084,-0.013581
-0.000389,-0.003331
-0.000119,-0.019489
-0.000595,-0.029999
-0.000073,-0.009633
-0.001479,-0.005722
-0.000016,-0.009723
-0.000859,0.009295
0.000007,-0.002196
-0.000084,-0.015874
-0.000389,-0.002718
-0.000119,-0.019258
-0.000595,-0.001429
-0.000073,-0.003189
-0.001479,0.007060
-0.000016,0.003473
-0.000859,0.020199
0.000007,-0.029501
-0.000084,-0.016865
-0.000389,-0.008012
-0.000119,-0.014364
-0.000595,-0.039114
-0.000073,0.003541
-0.001479,-0.013226
-0.000016,-0.023496
-0.000859,0.016824
0.000007,0.011620
-0.000084,0.006005
-0.000389,0.010817
-0.000119,0.025710
-0.000595,0.027575
-0.000073,0.011995
-0.001479,0.010591
-0.000016,-0.017011
-0.000859,-0.000094
0.000007,-0.006806
-0.000084,-0.003925
-0.000389,-0.004854
-0.000119,-0.018024
-0.000595,-0.006083
-0.000073,0.002134
-0.001479,0.009349
-0.000016,-0.002573
-0.000859,-0.004766
0.000007,-0.012730
-0.000084,-0.024777
-0.000389,-0.013339
-0.000119,-0.030103
-0.000595,-0.013300
-0.000073,-0.013124
-0.001479,-0.013820
-0.000016,-0.016617
-0.000859,-0.005171
0.000007,0.001291
-0.000084,-0.016242
-0.000389,-0.002934
-0.000119,-0.014825
-0.000595,-0.005006
-0.000073,-0.008254
-0.001479,-0.005340
-0.000016,-0.030575
-0.000859,-0.025387
0.000007,-0.017813
-0.000084,-0.013002
-0.000389,-0.023559
-0.000119,-0.006906
-0.000595,-0.005532
-0.000073,-0.020106
-0.001479,-0.026453
-0.000016,-0.002120
-0.000859,0.000220
0.000007,-0.007266
-0.000084,-0.004026
-0.000389,-0.002240
-0.000119,-0.004276
-0.000595,0.012886
-0.000073,-0.002184
-0.001479,-0.013870
-0.000016,0.006530
-0.000859,-0.004045
0.000007,-0.008228
-0.000084,0.005670
-0.000389,0.000612
-0.000119,0.003488
-0.000595,-0.011061
-0.000073,-0.002337
-0.001479,-0.017291
-0.000016,-0.006729
-0.000859,0.004791
0.000007,-0.016457
-0.000084,-0.016909
-0.000389,-0.006719
-0.000119,-0.024135
-0.000595,-0.019752
-0.000073,0.001743
-0.001479,-0.007808
-0.000016,0.006830
-0.000859,-0.002289
0.000007,-0.014993
-0.000084,-0.011224
-0.000389,-0.002478
-0.000119,-0.039887
-0.000595,-0.002043
-0.000073,0.009986
-0.001479,0.005079
-0.000016,0.022538
-0.000859,0.009967
0.000007,0.024289
-0.000084,0.008902
-0.000389,0.019333
-0.000119,0.008004
-0.000595,0.010940
-0.000073,0.003801
-0.001479,-0.008848
-0.000016,0.008700
-0.000859,0.006546
0.000007,0.005759
-0.000084,0.007352
-0.000389,0.013553
-0.000119,0.005665
-0.000595,0.038301
-0.000073,0.007950
-0.001479,0.029308
-0.000016,-0.003814
-0.000859,-0.001438
0.000007,-0.000623
-0.000084,-0.001636
-0.000389,0.001418
-0.000119,-0.002056
-0.000595,-0.004237
-0.000073,0.002171
-0.001479,0.019619
-0.000016,-0.003788
-0.000859,0.011809
0.000007,0.012818
-0.000084,-0.008649
-0.000389,0.018459
-0.000119,0.010045
-0.000595,-0.027056
-0.000073,0.007206
-0.001479,0.010023
-0.000016,0.051684
-0.000859,-0.004494
0.000007,-0.000936
-0.000084,-0.006218
-0.000389,-0.001322
-0.000119,0.002124
-0.000595,-0.004747
-0.000073,0.002312
-0.001479,0.023821
-0.000016,0.003586
-0.000859,0.013343
0.000007,0.001906
-0.000084,0.011932
-0.000389,-0.000663
-0.000119,0.015114
-0.000595,0.005698
-0.000073,0.002958
-0.001479,-0.000582
-0.000016,-0.002597
-0.000859,0.008788
0.000007,0.003610
-0.000084,-0.005251
-0.000389,0.018518
-0.000119,-0.000553
-0.000595,0.008440
-0.000073,0.019534
-0.001479,0.011280
-0.000016,0.008702
-0.000859,0.013502
0.000007,0.008383
-0.000084,0.000346
-0.000389,-0.001202
-0.000119,-0.013509
-0.000595,-0.000357
-0.000073,-0.008806
-0.001479,-0.015906
-0.000016,0.006572
-0.000859,-0.002073
0.000007,0.010859
-0.000084,-0.003230
-0.000389,-0.003856
-0.000119,0.001164
-0.000595,0.016469
-0.000073,-0.000801
-0.001479,0.007895
-0.000016,-0.006914
-0.000859,-0.009770
0.000007,-0.012530
-0.000084,-0.012213
-0.000389,-0.005245
-0.000119,-0.005305
-0.000595,-0.016135
-0.000073,-0.019684
-0.001479,-0.008072
-0.000016,-0.010171
-0.000859,0.021018
0.000007,0.012416
-0.000084,0.004788
-0.000389,0.010443
-0.000119,0.014210
-0.000595,0.010923
-0.000073,0.003645
-0.001479,0.007626
-0.000016,-0.005694
-0.000859,-0.006800
0.000007,-0.003597
-0.000084,0.014524
-0.000389,0.001844
-0.000119,-0.003156
-0.000595,-0.005390
-0.000073,-0.009890
-0.001479,-0.014397
-0.000016,0.006878
-0.000859,0.020716
0.000007,0.015472
-0.000084,0.002560
-0.000389,0.004265
-0.000119,0.024671
-0.000595,-0.009848
-0.000073,-0.001489
-0.001479,-0.008388
-0.000016,-0.010444
-0.000859,-0.045352
0.000007,-0.014869
-0.000084,0.071196
-0.000389,-0.014874
-0.000119,-0.037045
-0.000595,-0.038907
-0.000073,-0.026320
-0.001479,-0.042083
-0.000016,-0.030828
-0.000859,0.011629
0.000007,0.020522
-0.000084,0.005066
-0.000389,0.020480
-0.000119,0.003516
-0.000595,0.013822
-0.000073,0.000145
-0.001479,-0.013643
-0.000016,-0.011119
-0.000859,-0.010312
0.000007,-0.015389
-0.000084,-0.007920
-0.000389,-0.005181
-0.000119,-0.013470
-0.000595,-0.019250
-0.000073,0.000000
-0.001479,-0.007987
-0.000016,-0.010470
-0.000859,-0.034459
0.000007,-0.016639
-0.000084,-0.018358
-0.000389,-0.023905
-0.000119,-0.019875
-0.000595,-0.041962
-0.000073,-0.045670
-0.001479,-0.039079
-0.000016,-0.053230
-0.000859,-0.013369
0.000007,-0.028674
-0.000084,-0.011995
-0.000389,-0.014572
-0.000119,-0.022280
-0.000595,-0.026887
-0.000073,-0.053064
-0.001479,-0.049499
-0.000016,0.003211
-0.000859,-0.065590
0.000007,-0.038282
-0.000084,-0.018696
-0.000389,-0.039879
-0.000119,-0.022454
-0.000595,-0.034489
-0.000073,-0.021328
-0.001479,-0.050331
-0.000016,-0.061982
-0.000859,-0.021473
0.000007,-0.010025
-0.000084,0.030272
-0.000389,-0.013269
-0.000119,-0.010946
-0.000595,0.033174
-0.000073,-0.055019
-0.001479,-0.040199
-0.000016,-0.058455
-0.000859,0.051285
0.000007,0.060673
-0.000084,0.036267
-0.000389,0.054152
-0.000119,0.044633
-0.000595,0.046224
-0.000073,0.067342
-0.001479,0.040210
-0.000016,0.085379
-0.000859,-0.002043
0.000007,-0.015852
-0.000084,-0.007272
-0.000389,0.013552
-0.000119,0.005109
-0.000595,-0.007521
-0.000073,-0.037819
-0.001479,0.012455
-0.000016,-0.007590
-0.000859,-0.011650
0.000007,-0.010829
-0.000084,0.006989
-0.000389,-0.000533
-0.000119,0.019619
-0.000595,-0.035535
-0.000073,0.013104
-0.001479,0.018848
-0.000016,-0.001209
-0.000859,-0.031398
0.000007,-0.042237
-0.000084,-0.027742
-0.000389,-0.039620
-0.000119,-0.042638
-0.000595,-0.063051
-0.000073,-0.029433
-0.001479,-0.005357
-0.000016,-0.028582
-0.000859,0.015613
0.000007,0.011093
-0.000084,0.012275
-0.000389,0.013810
-0.000119,0.003901
-0.000595,0.031871
-0.000073,-0.029892
-0.001479,-0.009574
-0.000016,0.005871
-0.000859,0.026157
0.000007,0.024210
-0.000084,0.016419
-0.000389,0.017948
-0.000119,0.013457
-0.000595,-0.011539
-0.000073,0.007968
-0.001479,0.022237
-0.000016,0.023202
-0.000859,0.013188
0.000007,0.012557
-0.000084,0.007353
-0.000389,0.005846
-0.000119,0.007068
-0.000595,0.027184
-0.000073,0.034268
-0.001479,0.014944
-0.000016,0.024053
-0.000859,0.001748
0.000007,-0.003037
-0.000084,0.005443
-0.000389,0.013311
-0.000119,0.002329
-0.000595,-0.002835
-0.000073,0.053225
-0.001479,0.030713
-0.000016,0.000240
-0.000859,-0.004624
0.000007,-0.031376
-0.000084,-0.030459
-0.000389,-0.017554
-0.000119,-0.025080
-0.000595,-0.041601
-0.000073,0.014233
-0.001479,0.000234
-0.000016,0.028702
-0.000859,0.006854
0.000007,-0.001489
-0.000084,-0.024663
-0.000389,-0.002620
-0.000119,0.002292
-0.000595,-0.014536
-0.000073,0.015359
-0.001479,0.012627
-0.000016,-0.014529
-0.000859,-0.002022
0.000007,-0.005113
-0.000084,-0.012724
-0.000389,0.001273
-0.000119,0.004555
-0.000595,0.006565
-0.000073,-0.018671
-0.001479,-0.017312
-0.000016,-0.002021
-0.000859,-0.046585
0.000007,-0.044469
-0.000084,-0.037254
-0.000389,-0.031220
-0.000119,-0.030777
-0.000595,-0.030048
-0.000073,0.002934
-0.001479,0.002062
-0.000016,-0.012269
-0.000859,0.003618
0.000007,-0.001642
-0.000084,0.020871
-0.000389,0.003922
-0.000119,-0.002846
-0.000595,0.005241
-0.000073,0.017224
-0.001479,0.008704
-0.000016,0.025837
-0.000859,-0.002614
0.000007,0.006584
-0.000084,0.010865
-0.000389,0.007687
-0.000119,-0.000306
-0.000595,0.064706
-0.000073,-0.026718
-0.001479,-0.013048
-0.000016,-0.009904
-0.000859,0.050249
0.000007,-0.007297
-0.000084,-0.003844
-0.000389,-0.000431
-0.000119,-0.007462
-0.000595,0.043714
-0.000073,-0.000514
-0.001479,-0.007531
-0.000016,0.002582
-0.000859,0.011889
0.000007,0.003140
-0.000084,0.006899
-0.000389,0.006062
-0.000119,0.016271
-0.000595,0.002893
-0.000073,0.027765
-0.001479,0.029078
-0.000016,-0.017015
-0.000859,-0.033191
0.000007,-0.028418
-0.000084,-0.029023
-0.000389,-0.013784
-0.000119,-0.020783
-0.000595,-0.032228
-0.000073,-0.010364
-0.001479,-0.025352
-0.000016,-0.024068
-0.000859,-0.013216
0.000007,-0.006546
-0.000084,-0.018721
-0.000389,-0.006766
-0.000119,-0.005536
-0.000595,-0.012032
-0.000073,0.012345
-0.001479,-0.002706
-0.000016,-0.010296
-0.000859,0.015594
0.000007,0.023808
-0.000084,0.055362
-0.000389,0.020541
-0.000119,0.026249
-0.000595,0.009581
-0.000073,-0.010972
-0.001479,-0.025015
-0.000016,-0.016615
-0.000859,0.014963
0.000007,0.014704
-0.000084,0.001223
-0.000389,-0.000287
-0.000119,0.000420
-0.000595,0.022781
-0.000073,0.009602
-0.001479,0.001458
-0.000016,0.024745
-0.000859,-0.026886
0.000007,0.006573
-0.000084,0.000203
-0.000389,0.001584
-0.000119,0.001413
-0.000595,0.001563
-0.000073,-0.016337
-0.001479,-0.011910
-0.000016,0.004385
-0.000859,-0.025874
0.000007,-0.025077
-0.000084,-0.020217
-0.000389,-0.024375
-0.000119,-0.017181
-0.000595,-0.022979
-0.000073,-0.016989
-0.001479,-0.020143
-0.000016,-0.017367
-0.000859,-0.005461
0.000007,0.000699
-0.000084,-0.010019
-0.000389,0.022257
-0.000119,0.040900
-0.000595,-0.008888
-0.000073,-0.010013
-0.001479,-0.016154
-0.000016,-0.001919
-0.000859,0.000087
0.000007,-0.028854
-0.000084,0.000824
-0.000389,-0.030270
-0.000119,-0.027338
-0.000595,-0.033597
-0.000073,-0.025068
-0.001479,-0.023998
-0.000016,-0.023071
-0.000859,0.040025
0.000007,0.047121
-0.000084,0.061311
-0.000389,0.059100
-0.000119,0.079944
-0.000595,0.057804
-0.000073,-0.031035
-0.001479,-0.005402
-0.000016,0.098347
-0.000859,-0.020170
0.000007,-0.024113
-0.000084,-0.051949
-0.000389,0.000960
-0.000119,-0.051184
-0.000595,-0.066087
-0.000073,0.126978
-0.001479,0.119206
-0.000016,0.007284
-0.000859,-0.011018
0.000007,-0.009602
-0.000084,-0.005669
-0.000389,-0.012698
-0.000119,-0.011942
-0.000595,-0.026577
-0.000073,-0.008604
-0.001479,-0.012376
-0.000016,-0.006848
-0.000859,0.020880
0.000007,-0.005404
-0.000084,-0.008580
-0.000389,-0.018422
-0.000119,-0.003028
-0.000595,0.010520
-0.000073,-0.027940
-0.001479,-0.052617
-0.000016,-0.004746
-0.000859,0.005078
0.000007,0.007994
-0.000084,0.006090
-0.000389,-0.003142
-0.000119,-0.007663
-0.000595,-0.019050
-0.000073,0.000984
-0.001479,0.032238
-0.000016,0.000000
-0.000859,0.048876
0.000007,-0.000327
-0.000084,0.002578
-0.000389,0.005021
-0.000119,0.004948
-0.000595,0.003881
-0.000073,0.016931
-0.001479,0.019236
-0.000016,0.010477
-0.000859,0.012319
0.000007,0.018134
-0.000084,0.001414
-0.000389,0.004820
-0.000119,-0.013147
-0.000595,0.004529
-0.000073,0.036850
-0.001479,-0.018423
-0.000016,-0.006820
-0.000859,0.035141
0.000007,0.009873
-0.000084,0.034470
-0.000389,0.022691
-0.000119,0.035272
-0.000595,-0.007241
-0.000073,0.006564
-0.001479,0.003360
-0.000016,0.015028
-0.000859,-0.013404
0.000007,-0.003607
-0.000084,0.011517
-0.000389,-0.009174
-0.000119,-0.000795
-0.000595,0.003347
-0.000073,-0.002636
-0.001479,-0.011324
-0.000016,0.004039
-0.000859,-0.007732
0.000007,0.003333
-0.000084,-0.008840
-0.000389,0.009396
-0.000119,0.004734
-0.000595,-0.006927
-0.000073,0.013549
-0.001479,-0.009177
-0.000016,0.016359
-0.000859,0.008594
0.000007,0.006074
-0.000084,0.006475
-0.000389,0.013152
-0.000119,-0.004363
-0.000595,-0.005052
-0.000073,0.001103
-0.001479,0.011060
-0.000016,-0.004503
-0.000859,0.006317
0.000007,-0.000584
-0.000084,0.011043
-0.000389,0.013667
-0.000119,0.019165
-0.000595,0.023869
-0.000073,0.030318
-0.001479,0.015682
-0.000016,0.014033
-0.000859,-0.006595
0.000007,0.005347
-0.000084,-0.005413
-0.000389,-0.004389
-0.000119,0.010709
-0.000595,-0.012229
-0.000073,-0.004004
-0.001479,-0.028621
-0.000016,0.016178
-0.000859,-0.001922
0.000007,0.006854
-0.000084,-0.007467
-0.000389,0.001087
-0.000119,-0.005459
-0.000595,0.032420
-0.000073,-0.002796
-0.001479,-0.025358
-0.000016,-0.000990
-0.000859,0.001774
0.000007,0.002043
-0.000084,0.004765
-0.000389,0.003002
-0.000119,0.000407
-0.000595,-0.019165
-0.000073,0.014117
-0.001479,0.013551
-0.000016,-0.014608
-0.000859,0.001233
0.000007,-0.011635
-0.000084,-0.023816
-0.000389,-0.008106
-0.000119,-0.029497
-0.000595,0.006553
-0.000073,0.016553
-0.001479,0.006706
-0.000016,-0.011731
-0.000859,-0.030252
0.000007,-0.027174
-0.000084,-0.021510
-0.000389,-0.016679
-0.000119,-0.004714
-0.000595,-0.038988
-0.000073,0.009347
-0.001479,0.036190
-0.000016,0.009383
-0.000859,-0.001112
0.000007,-0.005302
-0.000084,0.004317
-0.000389,0.002849
-0.000119,0.021020
-0.000595,-0.015001
-0.000073,0.007999
-0.001479,0.013718
-0.000016,0.005691
-0.000859,-0.035402
0.000007,-0.023990
-0.000084,-0.032937
-0.000389,-0.033107
-0.000119,-0.037076
-0.000595,-0.085752
-0.000073,-0.013665
-0.001479,-0.016717
-0.000016,-0.010105
-0.000859,0.052451
0.000007,0.019433
-0.000084,0.017057
-0.000389,0.023342
-0.000119,0.027905
-0.000595,0.009236
-0.000073,0.022375
-0.001479,0.036657
-0.000016,0.007288
-0.000859,-0.015938
0.000007,-0.003654
-0.000084,-0.009170
-0.000389,0.011134
-0.000119,0.008693
-0.000595,-0.034522
-0.000073,-0.015488
-0.001479,0.038015
-0.000016,0.002820
-0.000859,-0.042567
0.000007,-0.018345
-0.000084,-0.016300
-0.000389,-0.043651
-0.000119,-0.034531
-0.000595,-0.072221
-0.000073,0.013166
-0.001479,-0.000985
-0.000016,0.008806
-0.000859,0.016368
0.000007,0.020062
-0.000084,0.018133
-0.000389,0.031114
-0.000119,0.033338
-0.000595,0.041264
-0.000073,-0.005235
-0.001479,-0.007475
-0.000016,0.009962
-0.000859,0.024162
0.000007,-0.003995
-0.000084,-0.002531
-0.000389,0.002164
-0.000119,0.019737
-0.000595,0.025743
-0.000073,-0.005008
-0.001479,-0.025827
-0.000016,-0.006029
-0.000859,-0.012350
0.000007,-0.014516
-0.000084,-0.006668
-0.000389,0.000332
-0.000119,-0.009744
-0.000595,-0.005926
-0.000073,0.011720
-0.001479,-0.012447
-0.000016,-0.014616
-0.000859,0.019051
0.000007,0.013316
-0.000084,0.006053
-0.000389,0.005079
-0.000119,-0.000224
-0.000595,0.012192
-0.000073,0.001226
-0.001479,-0.010481
-0.000016,-0.002053
-0.000859,0.002926
0.000007,0.008943
-0.000084,0.008162
-0.000389,-0.000290
-0.000119,-0.003906
-0.000595,0.012397
-0.000073,0.008472
-0.001479,0.012760
-0.000016,0.005733
-0.000859,-0.002453
0.000007,0.001605
-0.000084,0.002470
-0.000389,-0.008237
-0.000119,0.001747
-0.000595,-0.006238
-0.000073,0.004572
-0.001479,0.013025
-0.000016,-0.003441
-0.000859,-0.006045
0.000007,-0.028693
-0.000084,0.011946
-0.000389,0.029275
-0.000119,0.011561
-0.000595,-0.006850
-0.000073,0.006458
-0.001479,0.029691
-0.000016,0.000228
-0.000859,0.008182
0.000007,-0.001270
-0.000084,-0.023617
-0.000389,-0.004437
-0.000119,-0.007720
-0.000595,-0.011576
-0.000073,-0.002930
-0.001479,0.027229
-0.000016,0.017647
-0.000859,0.019650
0.000007,0.020848
-0.000084,0.019244
-0.000389,0.021894
-0.000119,0.034388
-0.000595,0.041409
-0.000073,0.015422
-0.001479,0.024487
-0.000016,0.003030
-0.000859,-0.001282
0.000007,0.000165
-0.000084,-0.000149
-0.000389,0.003983
-0.000119,0.011643
-0.000595,0.003561
-0.000073,-0.007667
-0.001479,-0.024287
-0.000016,-0.002147
-0.000859,-0.014877
0.000007,-0.005329
-0.000084,-0.013828
-0.000389,-0.005573
-0.000119,-0.007498
-0.000595,0.025623
-0.000073,0.011314
-0.001479,0.001359
-0.000016,0.007290
-0.000859,-0.002652
0.000007,-0.009174
-0.000084,-0.001372
-0.000389,0.010270
-0.000119,0.001216
-0.000595,0.001230
-0.000073,0.010960
-0.001479,0.035180
-0.000016,-0.012704
-0.000859,-0.012229
0.000007,-0.006450
-0.000084,-0.014633
-0.000389,-0.009754
-0.000119,-0.009493
-0.000595,0.011349
-0.000073,0.000662
-0.001479,0.003931
-0.000016,0.005185
-0.000859,0.018844
0.000007,0.020464
-0.000084,0.006010
-0.000389,0.019401
-0.000119,0.013133
-0.000595,0.035230
-0.000073,0.001624
-0.001479,0.004404
-0.000016,-0.005703
-0.000859,-0.006459
0.000007,-0.005905
-0.000084,-0.000219
-0.000389,-0.008415
-0.000119,-0.000059
-0.000595,-0.012861
-0.000073,-0.015284
-0.001479,0.035763
-0.000016,0.002802
-0.000859,-0.010143
0.000007,-0.005650
-0.000084,-0.000671
-0.000389,-0.013500
-0.000119,-0.020566
-0.000595,-0.000992
-0.000073,-0.025629
-0.001479,-0.025984
-0.000016,-0.020287
-0.000859,0.002261
0.000007,0.002581
-0.000084,-0.002092
-0.000389,0.002904
-0.000119,0.019029
-0.000595,0.010419
-0.000073,0.009852
-0.001479,0.002849
-0.000016,0.011052
-0.000859,0.012970
0.000007,0.001873
-0.000084,-0.003240
-0.000389,0.003788
-0.000119,0.013706
-0.000595,0.007384
-0.000073,0.031498
-0.001479,0.017962
-0.000016,0.005255
-0.000859,0.023815
0.000007,0.005430
-0.000084,0.001174
-0.000389,0.007008
-0.000119,-0.012748
-0.000595,-0.020379
-0.000073,-0.003411
-0.001479,-0.022424
-0.000016,-0.009121
-0.000859,0.011918
0.000007,0.012261
-0.000084,0.005102
-0.000389,0.035144
-0.000119,0.051608
-0.000595,-0.001839
-0.000073,-0.001923
-0.001479,-0.001226
-0.000016,0.004631
-0.000859,-0.015012
0.000007,-0.008721
-0.000084,-0.020046
-0.000389,-0.016057
-0.000119,-0.012563
-0.000595,-0.004467
-0.000073,-0.001320
-0.001479,-0.011177
-0.000016,0.003765
-0.000859,-0.012271
0.000007,-0.001117
-0.000084,0.001083
-0.000389,0.031302
-0.000119,0.014762
-0.000595,0.015241
-0.000073,0.001649
-0.001479,0.006721
-0.000016,-0.014389
-0.000859,0.012565
0.000007,0.008043
-0.000084,0.010380
-0.000389,0.005734
-0.000119,-0.002019
-0.000595,0.003286
-0.000073,0.011314
-0.001479,0.010710
-0.000016,0.015117
-0.000859,-0.006276
0.000007,-0.000207
-0.000084,-0.009240
-0.000389,-0.003772
-0.000119,0.001487
-0.000595,-0.013219
-0.000073,0.028008
-0.001479,0.011472
-0.000016,0.009512
-0.000859,-0.000342
0.000007,-0.003911
-0.000084,-0.000918
-0.000389,0.008615
-0.000119,-0.005241
-0.000595,-0.003492
-0.000073,-0.001080
-0.001479,-0.011472
-0.000016,-0.010291
-0.000859,0.007159
0.000007,0.002104
-0.000084,0.010091
-0.000389,0.017962
-0.000119,0.022389
-0.000595,0.025413
-0.000073,0.008005
-0.001479,0.019190
-0.000016,0.004572
-0.000859,-0.008460
0.000007,-0.005648
-0.000084,0.014283
-0.000389,0.000740
-0.000119,-0.003368
-0.000595,-0.013445
-0.000073,-0.003059
-0.001479,-0.011670
-0.000016,-0.004865
-0.000859,0.007447
0.000007,-0.002255
-0.000084,-0.004575
-0.000389,-0.013369
-0.000119,-0.017879
-0.000595,-0.002007
-0.000073,0.004622
-0.001479,0.024071
-0.000016,0.015124
-0.000859,0.015371
0.000007,-0.003193
-0.000084,0.008942
-0.000389,0.003757
-0.000119,0.015611
-0.000595,-0.007955
-0.000073,-0.001757
-0.001479,-0.005849
-0.000016,-0.003838
-0.000859,-0.006727
0.000007,-0.009909
-0.000084,-0.011795
-0.000389,-0.001044
-0.000119,0.001138
-0.000595,-0.007278
-0.000073,0.004344
-0.001479,0.000740
-0.000016,-0.002024
-0.000859,0.006125
0.000007,0.016639
-0.000084,0.007448
-0.000389,0.013137
-0.000119,-0.006956
-0.000595,0.004441
-0.000073,0.006916
-0.001479,0.033156
-0.000016,0.011999
-0.000859,-0.018518
0.000007,-0.017684
-0.000084,-0.007401
-0.000389,-0.019761
-0.000119,-0.022609
-0.000595,-0.015496
-0.000073,-0.002597
-0.001479,-0.011894
-0.000016,0.007933
-0.000859,0.003422
0.000007,0.001698
-0.000084,-0.003612
-0.000389,0.002257
-0.000119,0.004992
-0.000595,0.006280
-0.000073,0.000131
-0.001479,-0.000932
-0.000016,-0.000873
-0.000859,0.006697
0.000007,0.003277
-0.000084,0.010580
-0.000389,0.006625
-0.000119,0.007981
-0.000595,0.024358
-0.000073,0.033243
-0.001479,0.033310
-0.000016,-0.001641
-0.000859,0.006462
0.000007,0.001692
-0.000084,-0.004485
-0.000389,-0.010930
-0.000119,-0.003058
-0.000595,-0.008832
-0.000073,-0.000783
-0.001479,-0.000668
-0.000016,0.004480
-0.000859,0.009043
0.000007,0.005919
-0.000084,0.012315
-0.000389,0.011995
-0.000119,-0.013336
-0.000595,0.017954
-0.000073,0.006311
-0.001479,0.002806
-0.000016,0.026161
-0.000859,-0.002725
0.000007,0.000000
-0.000084,-0.004191
-0.000389,0.004018
-0.000119,0.002518
-0.000595,-0.011645
-0.000073,0.000764
-0.001479,0.024749
-0.000016,0.009248
-0.000859,0.007484
0.000007,0.004811
-0.000084,0.032545
-0.000389,0.001536
-0.000119,-0.011542
-0.000595,0.005320
-0.000073,0.019026
-0.001479,0.009471
-0.000016,0.018175
-0.000859,-0.018322
0.000007,0.022167
-0.000084,-0.021746
-0.000389,0.014951
-0.000119,0.020766
-0.000595,0.024789
-0.000073,-0.002763
-0.001479,0.002485
-0.000016,0.010984
-0.000859,-0.005623
0.000007,-0.006808
-0.000084,-0.016238
-0.000389,-0.031209
-0.000119,0.019617
-0.000595,0.010118
-0.000073,-0.000530
-0.001479,0.017833
-0.000016,-0.013908
-0.000859,0.009751
0.000007,0.002608
-0.000084,0.021280
-0.000389,0.007982
-0.000119,0.010732
-0.000595,0.007434
-0.000073,0.000352
-0.001479,-0.013825
-0.000016,0.011635
-0.000859,-0.003505
0.000007,0.007279
-0.000084,0.027111
-0.000389,0.011324
-0.000119,0.012675
-0.000595,0.113706
-0.000073,-0.013223
-0.001479,0.007480
-0.000016,-0.001247
-0.000859,0.002117
0.000007,-0.001130
-0.000084,0.012004
-0.000389,0.003934
-0.000119,0.015599
-0.000595,-0.001646
-0.000073,-0.001427
-0.001479,0.009426
-0.000016,-0.002082
-0.000859,-0.019349
0.000007,-0.015448
-0.000084,-0.026688
-0.000389,-0.020522
-0.000119,-0.023319
-0.000595,-0.039862
-0.000073,-0.000954
-0.001479,-0.033247
-0.000016,-0.009630
-0.000859,0.016356
0.000007,-0.001149
-0.000084,0.002341
-0.000389,0.001156
-0.000119,-0.006406
-0.000595,-0.031686
-0.000073,-0.005397
-0.001479,-0.010980
-0.000016,-0.001491
-0.000859,0.002923
0.000007,-0.009606
-0.000084,-0.028695
-0.000389,-0.017780
-0.000119,-0.012502
-0.000595,-0.031693
-0.000073,0.021091
-0.001479,0.013750
-0.000016,-0.005607
-0.000859,0.003637
0.000007,0.004462
-0.000084,0.000184
-0.000389,0.003419
-0.000119,0.014391
-0.000595,0.008130
-0.000073,0.003567
-0.001479,0.000492
-0.000016,0.002527
-0.000859,-0.005784
0.000007,-0.003510
-0.000084,0.005827
-0.000389,-0.008279
-0.000119,0.000116
-0.000595,-0.020338
-0.000073,0.003030
-0.001479,-0.003237
-0.000016,0.006863
-0.000859,0.000502
0.000007,0.002049
-0.000084,-0.008592
-0.000389,-0.000218
-0.000119,-0.009519
-0.000595,-0.010643
-0.000073,-0.000504
-0.001479,-0.008792
-0.000016,0.005235
-0.000859,-0.006600
0.000007,-0.007721
-0.000084,-0.003294
-0.000389,-0.003104
-0.000119,0.004132
-0.000595,-0.013929
-0.000073,-0.000505
-0.001479,-0.005905
-0.000016,-0.002277
-0.000859,0.005098
0.000007,0.017562
-0.000084,0.005715
-0.000389,0.006426
-0.000119,0.016465
-0.000595,0.013715
-0.000073,-0.063433
-0.001479,0.017404
-0.000016,0.002692
-0.000859,-0.021249
0.000007,0.002244
-0.000084,-0.016614
-0.000389,-0.006503
-0.000119,0.004516
-0.000595,-0.032807
-0.000073,-0.015590
-0.001479,0.000410
-0.000016,0.003313
-0.000859,-0.016861
0.000007,-0.039731
-0.000084,-0.081348
-0.000389,-0.033738
-0.000119,-0.306391
-0.000595,-0.052624
-0.000073,-0.008304
-0.001479,-0.011728
-0.000016,0.018564
-0.000859,-0.023882
0.000007,-0.028783
-0.000084,-0.013655
-0.000389,-0.021213
-0.000119,-0.017085
-0.000595,-0.033547
-0.000073,-0.004159
-0.001479,-0.009667
-0.000016,-0.023112
-0.000859,-0.009400
0.000007,-0.009678
-0.000084,-0.013351
-0.000389,-0.016247
-0.000119,-0.007490
-0.000595,-0.035934
-0.000073,0.004678
-0.001479,-0.011183
-0.000016,-0.005394
-0.000859,-0.026205
0.000007,-0.026234
-0.000084,-0.036411
-0.000389,-0.017293
-0.000119,-0.018127
-0.000595,-0.043828
-0.000073,-0.021161
-0.001479,0.004046
-0.000016,-0.006268
-0.000859,-0.011696
0.000007,-0.012935
-0.000084,-0.015891
-0.000389,-0.007398
-0.000119,-0.036383
-0.000595,-0.037947
-0.000073,-0.038459
-0.001479,0.009518
-0.000016,0.000798
-0.000859,-0.001983
0.000007,-0.014326
-0.000084,-0.027700
-0.000389,-0.005006
-0.000119,-0.025009
-0.000595,-0.021113
-0.000073,-0.007133
-0.001479,0.006313
-0.000016,0.002490
-0.000859,-0.011745
0.000007,-0.011032
-0.000084,-0.010521
-0.000389,0.005728
-0.000119,0.014930
-0.000595,0.007559
-0.000073,-0.007068
-0.001479,0.007547
-0.000016,-0.027930
-0.000859,-0.027563
0.000007,-0.010138
-0.000084,0.052711
-0.000389,-0.007452
-0.000119,-0.016713
-0.000595,-0.015590
-0.000073,-0.011911
-0.001479,0.030570
-0.000016,0.012016
-0.000859,0.020703
0.000007,0.017494
-0.000084,0.025192
-0.000389,0.016940
-0.000119,0.040776
-0.000595,0.065898
-0.000073,-0.000357
-0.001479,-0.003933
-0.000016,-0.001777
-0.000859,0.020587
0.000007,0.016246
-0.000084,0.020820
-0.000389,0.027298
-0.000119,0.024105
-0.000595,-0.007886
-0.000073,0.021044
-0.001479,-0.004389
-0.000016,-0.004620
-0.000859,0.003727
0.000007,-0.001382
-0.000084,0.006845
-0.000389,0.000713
-0.000119,0.010195
-0.000595,-0.016404
-0.000073,0.008705
-0.001479,0.021593
-0.000016,-0.000838
-0.000859,-0.011980
0.000007,-0.014708
-0.000084,-0.021292
-0.000389,-0.019326
-0.000119,-0.002785
-0.000595,-0.046028
-0.000073,0.018143
-0.001479,0.020828
-0.000016,0.016641
-0.000859,-0.001332
0.000007,0.002463
-0.000084,0.007084
-0.000389,0.007441
-0.000119,0.002803
-0.000595,0.024397
-0.000073,0.018384
-0.001479,0.008164
-0.000016,-0.001385
-0.000859,-0.001468
0.000007,0.046988
-0.000084,-0.008820
-0.000389,-0.037400
-0.000119,-0.033721
-0.000595,-0.020053
-0.000073,-0.013091
-0.001479,0.028157
-0.000016,0.000058
-0.000859,0.001965
0.000007,0.024735
-0.000084,0.001757
-0.000389,0.021445
-0.000119,0.051809
-0.000595,0.051797
-0.000073,0.009091
-0.001479,0.013515
-0.000016,-0.014658
-0.000859,0.031418
0.000007,0.022345
-0.000084,0.055695
-0.000389,0.028019
-0.000119,0.037864
-0.000595,0.090437
-0.000073,0.008856
-0.001479,0.029232
-0.000016,0.013690
-0.000859,-0.010730
0.000007,0.001454
-0.000084,-0.020053
-0.000389,-0.013931
-0.000119,0.007124
-0.000595,-0.025280
-0.000073,-0.006994
-0.001479,0.023248
-0.000016,0.007839
-0.000859,0.025105
0.000007,0.020140
-0.000084,0.040310
-0.000389,0.017565
-0.000119,0.012815
-0.000595,0.051534
-0.000073,0.032610
-0.001479,0.012674
-0.000016,0.006743
-0.000859,-0.024950
0.000007,-0.003706
-0.000084,0.001926
-0.000389,-0.013636
-0.000119,-0.004954
-0.000595,0.010921
-0.000073,-0.014933
-0.001479,0.005391
-0.000016,0.015096
-0.000859,0.001746
0.000007,-0.002294
-0.000084,0.002531
-0.000389,-0.013462
-0.000119,0.011694
-0.000595,-0.025432
-0.000073,-0.008233
-0.001479,0.007869
-0.000016,0.014892
-0.000859,0.039335
0.000007,0.031530
-0.000084,-0.000316
-0.000389,0.023413
-0.000119,0.013803
-0.000595,0.012146
-0.000073,0.060033
-0.001479,0.021858
-0.000016,0.012988
-0.000859,-0.005361
0.000007,-0.005027
-0.000084,0.043031
-0.000389,0.012788
-0.000119,-0.007665
-0.000595,-0.007417
-0.000073,0.007286
-0.001479,-0.016427
-0.000016,-0.020581
-0.000859,-0.039319
0.000007,-0.016747
-0.000084,-0.025508
-0.000389,-0.026547
-0.000119,-0.041480
-0.000595,-0.045529
-0.000073,-0.014037
-0.001479,0.014434
-0.000016,-0.013601
-0.000859,0.017433
0.000007,0.013857
-0.000084,-0.014448
-0.000389,0.002812
-0.000119,0.007181
-0.000595,0.007425
-0.000073,0.002617
-0.001479,0.044812
-0.000016,0.014019
-0.000859,-0.036618
0.000007,-0.021002
-0.000084,-0.042395
-0.000389,-0.020330
-0.000119,-0.066439
-0.000595,-0.032704
-0.000073,-0.021240
-0.001479,-0.021845
-0.000016,-0.008342
-0.000859,-0.030242
0.000007,-0.032264
-0.000084,-0.052773
-0.000389,-0.033588
-0.000119,-0.053379
-0.000595,-0.054014
-0.000073,-0.004823
-0.001479,0.027366
-0.000016,0.005483
-0.000859,0.018753
0.000007,0.012519
-0.000084,0.035331
-0.000389,0.040776
-0.000119,0.049733
-0.000595,0.029914
-0.000073,-0.012618
-0.001479,-0.031797
-0.000016,-0.023783
-0.000859,0.004704
0.000007,-0.002761
-0.000084,-0.006814
-0.000389,0.004791
-0.000119,-0.007637
-0.000595,-0.001262
-0.000073,-0.003143
-0.001479,0.001628
-0.000016,0.008228
-0.000859,-0.014868
0.000007,-0.011838
-0.000084,-0.033353
-0.000389,-0.031292
-0.000119,-0.047948
-0.000595,-0.044280
-0.000073,-0.013203
-0.001479,-0.005125
-0.000016,-0.003245
-0.000859,-0.002540
0.000007,-0.003752
-0.000084,0.010746
-0.000389,-0.023668
-0.000119,0.001347
-0.000595,0.005422
-0.000073,-0.009427
-0.001479,0.004016
-0.000016,-0.025955
-0.000859,0.020276
0.000007,0.005367
-0.000084,0.002081
-0.000389,-0.008894
-0.000119,-0.033840
-0.000595,0.013623
-0.000073,-0.035564
-0.001479,-0.020241
-0.000016,0.002371
-0.000859,-0.020859
0.000007,-0.009668
-0.000084,0.001848
-0.000389,-0.024887
-0.000119,0.015244
-0.000595,0.021279
-0.000073,-0.010323
-0.001479,0.018285
-0.000016,-0.019789
-0.000859,0.033662
0.000007,0.064712
-0.000084,0.052264
-0.000389,0.073768
-0.000119,0.063478
-0.000595,0.073278
-0.000073,0.015919
-0.001479,0.021414
-0.000016,0.005665
-0.000859,-0.002778
0.000007,-0.002612
-0.000084,-0.012493
-0.000389,-0.006111
-0.000119,-0.020494
-0.000595,-0.011831
-0.000073,0.029811
-0.001479,0.014348
-0.000016,0.002451
-0.000859,0.000303
0.000007,0.007038
-0.000084,-0.011398
-0.000389,-0.005728
-0.000119,-0.010154
-0.000595,-0.040546
-0.000073,0.008967
-0.001479,0.018269
-0.000016,0.001229
-0.000859,-0.009664
0.000007,0.001665
-0.000084,0.002623
-0.000389,-0.009824
-0.000119,0.010358
-0.000595,0.019926
-0.000073,0.023029
-0.001479,0.008146
-0.000016,0.011113
-0.000859,0.037785
0.000007,0.008247
-0.000084,0.023581
-0.000389,0.001896
-0.000119,-0.001124
-0.000595,0.008168
-0.000073,0.011762
-0.001479,0.011437
-0.000016,0.013092
-0.000859,0.015544
0.000007,-0.008502
-0.000084,-0.020013
-0.000389,-0.018903
-0.000119,-0.013125
-0.000595,-0.015514
-0.000073,-0.019916
-0.001479,-0.008188
-0.000016,-0.001434
-0.000859,-0.006396
0.000007,0.008460
-0.000084,-0.010430
-0.000389,0.008625
-0.000119,0.004913
-0.000595,-0.054231
-0.000073,-0.011444
-0.001479,-0.004187
-0.000016,0.010451
-0.000859,0.006545
0.000007,-0.004389
-0.000084,-0.006447
-0.000389,-0.006848
-0.000119,-0.014551
-0.000595,0.015016
-0.000073,-0.008841
-0.001479,0.020741
-0.000016,0.000020
-0.000859,-0.010308
0.000007,-0.016892
-0.000084,-0.012927
-0.000389,-0.006973
-0.000119,-0.040031
-0.000595,-0.007224
-0.000073,-0.029285
-0.001479,-0.008535
-0.000016,0.001903
-0.000859,0.004166
0.000007,0.004379
-0.000084,-0.006094
-0.000389,0.004623
-0.000119,-0.002588
-0.000595,0.020829
-0.000073,0.000609
-0.001479,0.003163
-0.000016,0.014626
-0.000859,0.001890
0.000007,-0.001765
-0.000084,-0.010831
-0.000389,0.000000
-0.000119,0.019620
-0.000595,0.012450
-0.000073,-0.014139
-0.001479,-0.004862
-0.000016,-0.020007
-0.000859,-0.014686
0.000007,-0.017501
-0.000084,-0.006693
-0.000389,-0.006625
-0.000119,0.027848
-0.000595,-0.022732
-0.000073,-0.006246
-0.001479,-0.007043
-0.000016,-0.007571
-0.000859,-0.013976
0.000007,-0.007442
-0.000084,-0.026266
-0.000389,-0.020836
-0.000119,-0.009876
-0.000595,-0.074027
-0.000073,0.003498
-0.001479,0.013798
-0.000016,0.001279
-0.000859,-0.010661
0.000007,-0.030086
-0.000084,-0.024012
-0.000389,-0.021575
-0.000119,-0.003382
-0.000595,-0.033366
-0.000073,-0.007581
-0.001479,0.022127
-0.000016,-0.029244
-0.000859,0.036133
0.000007,0.011716
-0.000084,0.034992
-0.000389,0.013138
-0.000119,0.023974
-0.000595,0.040797
-0.000073,0.018955
-0.001479,0.012014
-0.000016,0.000082
-0.000859,0.004447
0.000007,0.007588
-0.000084,0.028327
-0.000389,0.004534
-0.000119,0.026825
-0.000595,0.017821
-0.000073,0.008914
-0.001479,0.014825
-0.000016,-0.008319
-0.000859,0.020893
0.000007,0.029790
-0.000084,0.056460
-0.000389,0.034459
-0.000119,-0.000752
-0.000595,0.005766
-0.000073,0.007404
-0.001479,0.011560
-0.000016,0.015112
-0.000859,0.010013
0.000007,-0.002229
-0.000084,-0.012381
-0.000389,-0.021166
-0.000119,-0.000908
-0.000595,0.003744
-0.000073,0.008559
-0.001479,0.009269
-0.000016,0.011848
-0.000859,-0.007575
0.000007,-0.015725
-0.000084,-0.009726
-0.000389,-0.012220
-0.000119,0.002548
-0.000595,-0.028303
-0.000073,0.002957
-0.001479,-0.039210
-0.000016,0.023784
-0.000859,-0.027042
0.000007,-0.021108
-0.000084,-0.027325
-0.000389,-0.027508
-0.000119,-0.004638
-0.000595,-0.034873
-0.000073,-0.018520
-0.001479,-0.000989
-0.000016,-0.015691
-0.000859,0.004121
0.000007,0.019463
-0.000084,-0.000434
-0.000389,0.017987
-0.000119,0.006380
-0.000595,0.026777
-0.000073,-0.010437
-0.001479,0.004589
-0.000016,0.005205
-0.000859,-0.003988
0.000007,-0.004170
-0.000084,-0.008193
-0.000389,-0.014055
-0.000119,-0.010706
-0.000595,-0.004571
-0.000073,0.003031
-0.001479,0.012399
-0.000016,-0.019530
-0.000859,0.019597
0.000007,0.019002
-0.000084,0.030485
-0.000389,0.003557
-0.000119,0.023004
-0.000595,0.021501
-0.000073,0.002015
-0.001479,0.017031
-0.000016,-0.012756
-0.000859,0.005481
0.000007,0.025212
-0.000084,0.009451
-0.000389,0.037113
-0.000119,0.021611
-0.000595,0.005787
-0.000073,-0.001098
-0.001479,-0.016722
-0.000016,0.007006
-0.000859,-0.016101
0.000007,-0.007608
-0.000084,0.001077
-0.000389,-0.018431
-0.000119,-0.006267
-0.000595,0.019848
-0.000073,0.003289
-0.001479,-0.004443
-0.000016,0.004611
-0.000859,0.006944
0.000007,0.000277
-0.000084,0.019362
-0.000389,-0.003067
-0.000119,-0.010102
-0.000595,0.009497
-0.000073,-0.001274
-0.001479,-0.003169
-0.000016,-0.036908
-0.000859,-0.000061
0.000007,0.069932
-0.000084,0.023224
-0.000389,-0.001349
-0.000119,0.008874
-0.000595,0.026883
-0.000073,-0.017883
-0.001479,-0.009225
-0.000016,-0.018403
-0.000859,-0.006211
0.000007,-0.000491
-0.000084,0.015364
-0.000389,-0.017693
-0.000119,-0.016335
-0.000595,-0.024511
-0.000073,-0.016279
-0.001479,-0.040669
-0.000016,-0.004671
-0.000859,0.045859
0.000007,0.017012
-0.000084,0.015836
-0.000389,0.008371
-0.000119,-0.003174
-0.000595,0.039762
-0.000073,0.019346
-0.001479,0.024591
-0.000016,0.014263
-0.000859,-0.005496
0.000007,0.008882
-0.000084,-0.010724
-0.000389,0.018482
-0.000119,0.010851
-0.000595,-0.002819
-0.000073,-0.008297
-0.001479,-0.012214
-0.000016,0.003752
-0.000859,-0.015271
0.000007,-0.018604
-0.000084,-0.000174
-0.000389,-0.020113
-0.000119,-0.006383
-0.000595,-0.015777
-0.000073,-0.010487
-0.001479,0.013531
-0.000016,-0.002458
-0.000859,0.001631
0.000007,-0.004483
-0.000084,0.015190
-0.000389,-0.013637
-0.000119,0.009961
-0.000595,-0.004900
-0.000073,-0.009194
-0.001479,0.011122
-0.000016,0.002895
-0.000859,0.015347
0.000007,0.005797
-0.000084,0.024606
-0.000389,-0.002943
-0.000119,0.003711
-0.000595,0.027244
-0.000073,0.000284
-0.001479,-0.003138
-0.000016,0.016661
-0.000859,-0.002615
0.000007,0.007326
-0.000084,0.000711
-0.000389,0.001536
-0.000119,0.000996
-0.000595,0.038264
-0.000073,0.007208
-0.001479,0.000188
-0.000016,-0.002602
-0.000859,-0.005877
0.000007,-0.016715
-0.000084,-0.012827
-0.000389,-0.012549
-0.000119,-0.002949
-0.000595,0.000914
-0.000073,0.001187
-0.001479,-0.007203
-0.000016,-0.016011
-0.000859,-0.001713
0.000007,-0.013902
-0.000084,-0.006320
-0.000389,-0.006599
-0.000119,0.013424
-0.000595,-0.019148
-0.000073,-0.005244
-0.001479,-0.008751
-0.000016,-0.004288
-0.000859,0.014947
0.000007,0.018005
-0.000084,0.014425
-0.000389,-0.000084
-0.000119,0.030346
-0.000595,0.030157
-0.000073,0.000072
-0.001479,0.002490
-0.000016,0.007279
-0.000859,0.006308
0.000007,0.003819
-0.000084,-0.001084
-0.000389,0.015513
-0.000119,-0.006150
-0.000595,-0.018291
-0.000073,-0.004392
-0.001479,0.008097
-0.000016,-0.016949
-0.000859,0.004049
0.000007,0.016062
-0.000084,0.026407
-0.000389,0.046092
-0.000119,0.013071
-0.000595,0.046181
-0.000073,0.004848
-0.001479,-0.018481
-0.000016,-0.008783
-0.000859,-0.001341
0.000007,0.039028
-0.000084,-0.005481
-0.000389,-0.007166
-0.000119,0.004593
-0.000595,0.021990
-0.000073,0.001824
-0.001479,-0.004548
-0.000016,0.032358
-0.000859,-0.010149
0.000007,-0.023393
-0.000084,-0.040711
-0.000389,-0.023464
-0.000119,-0.043627
-0.000595,-0.033633
-0.000073,0.012242
-0.001479,0.017461
-0.000016,0.001071
-0.000859,0.003161
0.000007,-0.007267
-0.000084,0.011057
-0.000389,0.001055
-0.000119,-0.021365
-0.000595,-0.000449
-0.000073,0.006669
-0.001479,0.029141
-0.000016,0.006856
-0.000859,-0.004285
0.000007,0.001249
-0.000084,-0.014998
-0.000389,-0.008855
-0.000119,0.012818
-0.000595,-0.004762
-0.000073,-0.004950
-0.001479,-0.005798
-0.000016,-0.003224
-0.000859,-0.007349
0.000007,-0.002568
-0.000084,0.005445
-0.000389,0.000545
-0.000119,-0.003570
-0.000595,0.005542
-0.000073,0.006095
-0.001479,0.017231
-0.000016,0.000119
-0.000859,-0.049211
0.000007,0.003423
-0.000084,0.079452
-0.000389,-0.002650
-0.000119,-0.007886
-0.000595,0.003700
-0.000073,-0.002113
-0.001479,0.002797
-0.000016,-0.004228
-0.000859,0.009349
0.000007,0.009395
-0.000084,0.015485
-0.000389,0.013569
-0.000119,0.014972
-0.000595,0.068531
-0.000073,0.002070
-0.001479,0.000804
-0.000016,0.005731
-0.000859,-0.014662
0.000007,-0.011047
-0.000084,-0.008103
-0.000389,0.009435
-0.000119,-0.031761
-0.000595,-0.003271
-0.000073,-0.010441
-0.001479,0.019187
-0.000016,-0.019248
-0.000859,0.012564
0.000007,0.009363
-0.000084,0.010713
-0.000389,0.000770
-0.000119,-0.004369
-0.000595,-0.024577
-0.000073,-0.001223
-0.001479,0.017708
-0.000016,0.002088
-0.000859,0.001266
0.000007,0.014769
-0.000084,-0.006173
-0.000389,0.000811
-0.000119,0.012640
-0.000595,0.000804
-0.000073,-0.011095
-0.001479,0.000088
-0.000016,0.009550
-0.000859,0.008744
0.000007,0.007825
-0.000084,-0.000898
-0.000389,0.010116
-0.000119,0.021597
-0.000595,0.002108
-0.000073,0.019212
-0.001479,0.017706
-0.000016,0.007805
-0.000859,-0.008929
0.000007,-0.003873
-0.000084,-0.045053
-0.000389,-0.024984
-0.000119,-0.013235
-0.000595,-0.029357
-0.000073,-0.007853
-0.001479,-0.014190
-0.000016,0.018143
-0.000859,-0.010346
0.000007,-0.010412
-0.000084,-0.019381
-0.000389,-0.011653
-0.000119,-0.029649
-0.000595,-0.032122
-0.000073,0.014908
-0.001479,0.031435
-0.000016,0.026031
-0.000859,-0.007422
0.000007,-0.005890
-0.000084,-0.025733
-0.000389,-0.012677
-0.000119,-0.021936
-0.000595,-0.040454
-0.000073,-0.011042
-0.001479,0.013908
-0.000016,-0.001100
-0.000859,-0.002163
0.000007,0.003659
-0.000084,0.002105
-0.000389,-0.001523
-0.000119,-0.013211
-0.000595,-0.002254
-0.000073,-0.004258
-0.001479,0.000620
-0.000016,-0.008298
-0.000859,0.002815
0.000007,0.002369
-0.000084,0.002859
-0.000389,-0.003058
-0.000119,-0.004603
-0.000595,-0.009299
-0.000073,0.011864
-0.001479,-0.000283
-0.000016,0.010455
-0.000859,0.020482
0.000007,0.006481
-0.000084,0.007780
-0.000389,0.008191
-0.000119,-0.003148
-0.000595,0.027521
-0.000073,0.017692
-0.001479,0.032319
-0.000016,0.008485
-0.000859,0.021638
0.000007,0.024592
-0.000084,0.020834
-0.000389,0.017883
-0.000119,0.025320
-0.000595,0.029073
-0.000073,0.014722
-0.001479,0.007644
-0.000016,0.004092
-0.000859,-0.008621
0.000007,-0.008121
-0.000084,-0.006780
-0.000389,-0.003778
-0.000119,0.001277
-0.000595,0.005879
-0.000073,-0.004449
-0.001479,0.010451
-0.000016,0.002510
-0.000859,0.003036
0.000007,-0.001622
-0.000084,-0.017994
-0.000389,0.007456
-0.000119,-0.010762
-0.000595,-0.015587
-0.000073,0.008720
-0.001479,-0.006059
-0.000016,-0.003800
-0.000859,-0.005424
0.000007,-0.010111
-0.000084,-0.004841
-0.000389,-0.016239
-0.000119,-0.020233
-0.000595,0.006649
-0.000073,0.005067
-0.001479,-0.015128
-0.000016,-0.010321
-0.000859,0.000757
0.000007,-0.022803
-0.000084,-0.009586
-0.000389,-0.004764
-0.000119,-0.004701
-0.000595,0.005433
-0.000073,0.018029
-0.001479,0.026535
-0.000016,-0.027272
-0.000859,0.002224
0.000007,0.003229
-0.000084,0.000261
-0.000389,-0.000998
-0.000119,0.001368
-0.000595,0.002123
-0.000073,0.005299
-0.001479,-0.014566
-0.000016,0.004028
-0.000859,-0.005439
0.000007,0.002023
-0.000084,-0.009433
-0.000389,-0.003858
-0.000119,-0.012243
-0.000595,0.000000
-0.000073,-0.001175
-0.001479,-0.002098
-0.000016,0.002986
-0.000859,0.032052
0.000007,0.011234
-0.000084,0.011730
-0.000389,0.014108
-0.000119,0.020847
-0.000595,0.018629
-0.000073,0.001973
-0.001479,-0.001858
-0.000016,-0.016518
-0.000859,0.015414
0.000007,0.012113
-0.000084,0.011916
-0.000389,0.020010
-0.000119,0.019274
-0.000595,0.040898
-0.000073,0.017115
-0.001479,0.001548
-0.000016,-0.025063
-0.000859,-0.001698
0.000007,0.005722
-0.000084,0.005594
-0.000389,0.021094
-0.000119,0.006327
-0.000595,0.004147
-0.000073,0.014209
-0.001479,0.025084
-0.000016,-0.039404
-0.000859,-0.003592
0.000007,0.014232
-0.000084,0.013359
-0.000389,0.008636
-0.000119,0.017305
-0.000595,0.023224
-0.000073,0.002609
-0.001479,0.001261
-0.000016,0.002659
-0.000859,-0.019433
0.000007,-0.002762
-0.000084,-0.014114
-0.000389,-0.013444
-0.000119,-0.002397
-0.000595,0.004935
-0.000073,0.020287
-0.001479,0.016540
-0.000016,-0.001845
-0.000859,-0.019547
0.000007,-0.027316
-0.000084,-0.024190
-0.000389,-0.077965
-0.000119,-0.025109
-0.000595,-0.020065
-0.000073,-0.010895
-0.001479,-0.019648
-0.000016,0.016015
-0.000859,-0.005420
0.000007,0.018258
-0.000084,0.075726
-0.000389,0.008606
-0.000119,0.184965
-0.000595,0.048513
-0.000073,0.005740
-0.001479,-0.004110
-0.000016,0.006074
-0.000859,0.008595
0.000007,-0.000395
-0.000084,-0.006834
-0.000389,0.002919
-0.000119,-0.010261
-0.000595,-0.016125
-0.000073,0.003433
-0.001479,0.006869
-0.000016,0.015213
-0.000859,-0.009043
0.000007,-0.012658
-0.000084,-0.012169
-0.000389,-0.009915
-0.000119,0.001686
-0.000595,0.001593
-0.000073,0.004447
-0.001479,0.013663
-0.000016,-0.001120
-0.000859,-0.008466
0.000007,-0.006168
-0.000084,-0.001709
-0.000389,-0.015885
-0.000119,-0.022375
-0.000595,-0.000620
-0.000073,-0.004681
-0.001479,0.000000
-0.000016,0.001285
-0.000859,0.008082
0.000007,-0.000147
-0.000084,-0.006834
-0.000389,0.009477
-0.000119,0.010962
-0.000595,-0.004956
-0.000073,0.000491
-0.001479,-0.002113
-0.000016,-0.022913
-0.000859,-0.028853
0.000007,-0.030018
-0.000084,-0.019677
-0.000389,-0.005112
-0.000119,-0.016127
-0.000595,0.008493
-0.000073,0.009967
-0.001479,0.012191
-0.000016,-0.018262
-0.000859,-0.000710
0.000007,0.017381
-0.000084,0.018897
-0.000389,0.022426
-0.000119,0.031938
-0.000595,0.043774
-0.000073,-0.008797
-0.001479,0.005604
-0.000016,0.012992
-0.000859,-0.008492
0.000007,0.009109
-0.000084,0.003266
-0.000389,0.029765
-0.000119,0.011813
-0.000595,0.000077
-0.000073,-0.006813
-0.001479,0.006431
-0.000016,-0.010159
-0.000859,0.004492
0.000007,0.018118
-0.000084,0.027777
-0.000389,0.013002
-0.000119,0.031633
-0.000595,0.024186
-0.000073,0.009158
-0.001479,0.013688
-0.000016,0.000790
-0.000859,0.008590
0.000007,-0.014191
-0.000084,-0.015566
-0.000389,-0.010595
-0.000119,-0.021758
-0.000595,-0.027183
-0.000073,-0.066864
-0.001479,-0.011728
-0.000016,-0.005721
-0.000859,-0.019353
0.000007,0.002270
-0.000084,-0.001635
-0.000389,-0.002975
-0.000119,-0.000940
-0.000595,0.016308
-0.000073,-0.011493
-0.001479,-0.008306
-0.000016,0.050879
-0.000859,0.005134
0.000007,-0.024800
-0.000084,-0.016674
-0.000389,-0.019866
-0.000119,-0.111617
-0.000595,0.036416
-0.000073,0.001501
-0.001479,0.002310
-0.000016,0.013372
-0.000859,0.024505
0.000007,-0.010067
-0.000084,0.007433
-0.000389,-0.034313
-0.000119,-0.024364
-0.000595,0.000251
-0.000073,-0.001086
-0.001479,0.014142
-0.000016,-0.012841
-0.000859,-0.018440
0.000007,-0.032647
-0.000084,-0.033490
-0.000389,-0.020491
-0.000119,-0.005679
-0.000595,-0.015561
-0.000073,-0.008000
-0.001479,-0.011517
-0.000016,-0.010959
-0.000859,0.009964
0.000007,0.004326
-0.000084,0.007947
-0.000389,0.003418
-0.000119,0.005949
-0.000595,-0.018587
-0.000073,0.009411
-0.001479,0.019524
-0.000016,0.007563
-0.000859,-0.008269
0.000007,0.005852
-0.000084,-0.010717
-0.000389,-0.007738
-0.000119,0.001639
-0.000595,0.012664
-0.000073,0.006410
-0.001479,-0.004061
-0.000016,0.011335
-0.000859,0.006154
0.000007,0.006841
-0.000084,0.002676
-0.000389,0.007070
-0.000119,0.008171
-0.000595,0.010531
-0.000073,0.013892
-0.001479,-0.002038
-0.000016,0.004173
-0.000859,0.000158
0.000007,-0.001854
-0.000084,0.005810
-0.000389,0.010736
-0.000119,-0.002793
-0.000595,-0.020125
-0.000073,0.011393
-0.001479,0.014905
-0.000016,0.006425
-0.000859,0.006143
0.000007,0.012134
-0.000084,-0.006300
-0.000389,0.004873
-0.000119,-0.006527
-0.000595,0.024577
-0.000073,-0.046016
-0.001479,-0.008141
-0.000016,-0.014206
-0.000859,0.016452
0.000007,0.007373
-0.000084,-0.001658
-0.000389,0.008263
-0.000119,0.026357
-0.000595,0.025398
-0.000073,0.019064
-0.001479,-0.000793
-0.000016,-0.016898
-0.000859,0.009216
0.000007,-0.003886
-0.000084,0.010711
-0.000389,0.003877
-0.000119,0.022578
-0.000595,0.047794
-0.000073,-0.004005
-0.001479,-0.024256
-0.000016,0.004170
-0.000859,0.028178
0.000007,0.019183
-0.000084,-0.001818
-0.000389,0.006603
-0.000119,0.002696
-0.000595,0.034866
-0.000073,-0.014668
-0.001479,-0.011116
-0.000016,-0.006368
-0.000859,0.019480
0.000007,0.013020
-0.000084,0.002176
-0.000389,0.002542
-0.000119,0.004887
-0.000595,-0.006848
-0.000073,0.006173
-0.001479,-0.006898
-0.000016,-0.015999
-0.000859,0.019796
0.000007,0.002680
-0.000084,0.038273
-0.000389,-0.000815
-0.000119,0.004923
-0.000595,0.002456
-0.000073,-0.003236
-0.001479,0.000350
-0.000016,-0.000950
-0.000859,-0.016388
0.000007,-0.013114
-0.000084,-0.023525
-0.000389,-0.017739
-0.000119,-0.029970
-0.000595,-0.003636
-0.000073,0.015395
-0.001479,0.001913
-0.000016,0.045845
-0.000859,0.003768
0.000007,-0.014474
-0.000084,0.000251
-0.000389,-0.000265
-0.000119,0.001284
-0.000595,0.024502
-0.000073,0.011919
-0.001479,-0.011115
-0.000016,0.005645
-0.000859,0.016605
0.000007,0.000904
-0.000084,-0.009142
-0.000389,0.007858
-0.000119,-0.005447
-0.000595,-0.006209
-0.000073,0.024628
-0.001479,0.016982
-0.000016,0.007479
-0.000859,0.000580
0.000007,-0.007430
-0.000084,-0.003380
-0.000389,-0.000169
-0.000119,0.001973
-0.000595,-0.026443
-0.000073,-0.000953
-0.001479,-0.023248
-0.000016,0.001753
-0.000859,0.004677
0.000007,0.004303
-0.000084,0.020924
-0.000389,0.000660
-0.000119,0.002643
-0.000595,-0.007720
-0.000073,0.000238
-0.001479,-0.016268
-0.000016,-0.006881
-0.000859,0.002563
0.000007,-0.008968
-0.000084,-0.008166
-0.000389,0.004473
-0.000119,-0.005426
-0.000595,-0.073040
-0.000073,0.020374
-0.001479,0.017672
-0.000016,0.016762
-0.000859,-0.016893
0.000007,-0.002968
-0.000084,-0.015685
-0.000389,-0.004557
-0.000119,0.047121
-0.000595,-0.069072
-0.000073,-0.023007
-0.001479,-0.013926
-0.000016,-0.005901
